,name,KDRatio,Deaths,Headshots,MatchesWon,MatchesLost,WLRatio,Kills,KillAssists,Revives,HoursPlayed,Top Operator 1,Top Operator 2,Top Operator 3
0,zFanfarrao,2.05,66421,35092,28861,4817,85.3,136175,28643,2145,6925,TWITCH,THERMITE,BANDIT
1,x.C.H.R.I.S.x,1.16,143069,31845,28379,23204,51.3,165987,24511,1566,13287,ASH,LESION,ZOFIA
2,ZootvonKlaus,2.0,68313,39249,27832,5008,75.2,136737,25562,3263,8904,ROOK,THERMITE,DOKKAEBI
3,x ranl x,1.34,102664,42872,26386,9149,72.2,137081,39054,2374,7728,ROOK,IQ,FINKA
4,B U T C H E R,1.82,60816,26573,25350,4590,83.7,110821,31855,2143,6647,BLITZ,THERMITE,FROST
5,pwnwallius,1.99,70666,27468,24150,5896,72.9,140747,24118,1847,7665,JÄGER,HIBANA,BANDIT
6,FANG799,0.9,124450,25642,24131,19564,55.0,112068,32213,1964,9128,THERMITE,FROST,KAPKAN
7,LV17Luwis,1.39,93012,35133,21576,8783,68.8,129193,34329,3074,7770,SLEDGE,JÄGER,BANDIT
8,Blood Artist,2.08,50824,31396,20711,3408,85.5,105743,27933,1953,5061,JÄGER,ASH,TWITCH
9,NoboIe,2.47,42838,27093,20258,3560,84.9,105864,16657,2743,5503,JÄGER,TWITCH,DOC
10,Bembah,2.08,60033,38271,19933,4731,77.7,125090,18501,1887,6291,BANDIT,JÄGER,THERMITE
11,lPhobos,2.24,62395,39624,19588,4276,77.9,140032,20994,960,5963,JÄGER,ASH,VALKYRIE
12,Thatasianguy12,2.48,38108,18839,19498,2924,86.6,94613,14031,1550,4915,THERMITE,JÄGER,BUCK
13,ROG_TiTaN,1.37,87326,19928,18986,13662,56.8,119237,20413,1424,7589,CAVEIRA,ASH,ZOFIA
14,Merkwr,1.62,48526,16057,18957,3210,84.7,78387,12145,1221,6160,ASH,JÄGER,BANDIT
15,TREP-.,1.85,50118,32790,18935,3130,80.1,92881,19808,1708,5727,LESION,HIBANA,JACKAL
16,vGirlI,1.01,107719,18418,18905,11277,55.2,108456,19091,1385,7760,ASH,BANDIT,JÄGER
17,tk060705,1.47,71152,26536,18890,10349,63.2,104355,20862,1651,7660,SMOKE,SLEDGE,BUCK
18,MacieJay,1.47,105384,46790,18829,11218,62.3,155061,27983,2521,8988,BUCK,PULSE,SMOKE
19,x2urkiii,2.39,48919,44713,18717,3510,83.1,116817,23197,2362,4582,JÄGER,ASH,BANDIT
20,ATKLongGong,1.58,17348,9096,18509,2484,54.2,27332,4244,509,5377,ASH,JÄGER,DOC
21,x7sam1,1.74,46800,25979,18425,4611,79.6,81586,22418,1379,4520,VALKYRIE,LESION,ACE
22,OpaHildegard.VO,1.5,75016,36436,18407,7518,70.8,112761,25370,1543,6264,BUCK,ASH,BANDIT
23,ComendaTrom,1.83,59239,29547,18340,3516,83.0,108468,19907,1389,5274,JÄGER,ASH,BANDIT
24,xSWAT_OF_lRAQx,1.97,47183,24342,17915,3573,81.7,93065,17140,1289,4553,JÄGER,ASH,TWITCH
25,Y7osf,1.77,65698,28812,17310,8518,65.2,116265,19546,1936,5687,VIGIL,JÄGER,ASH
26,AImondy,2.37,37735,28493,17255,2239,88.4,89375,21454,1657,4621,ASH,JÄGER,BANDIT
27,Ziddyboi-,1.82,44586,19877,17055,5573,74.4,81163,18343,1872,5321,ROOK,THERMITE,BANDIT
28,NIRVlA,2.52,36386,35511,17050,1563,90.0,91646,20386,1636,3774,TWITCH,ELA,ASH
29,Kpt_Keif,1.14,70209,25079,16986,6191,72.8,79813,28272,1811,5353,GSG 9,ASH,BANDIT
30,Hurri-86,0.98,80981,19132,16855,10697,54.4,79258,22216,2129,7059,THERMITE,ASH,TWITCH
31,BatoreTrom,1.37,48659,15217,16829,4535,78.0,66727,15020,1508,4665,JÄGER,BANDIT,SLEDGE
32,Super_____,1.46,73599,31505,16722,8743,64.3,107101,22001,2281,6203,JÄGER,SLEDGE,BUCK
33,GreenArmyMan69,1.16,104248,39831,16620,9095,63.6,120909,25172,2316,7866,THERMITE,ROOK,JÄGER
34,JOKER_begins,1.29,70521,34849,16574,7875,63.5,91086,21062,1286,6213,VALKYRIE,ASH,ROOK
35,I Raagnar,2.19,29603,17296,16337,2150,86.7,64958,13883,1477,4190,ASH,JÄGER,CAVEIRA
36,Booelol,1.24,99104,28583,16294,7297,66.6,122778,30978,2126,7333,JÄGER,TWITCH,SLEDGE
37,SpookyKoolaidz,1.73,35454,17009,16268,2709,85.2,61412,19912,1676,4266,JÄGER,GLAZ,BLITZ
38,SixStarMachine,1.78,62129,34448,16204,6022,72.2,110828,19185,1748,5182,ASH,JÄGER,PULSE
39,MapIe_Apache,1.43,75446,37018,16151,7576,61.8,108030,27819,3585,6711,BANDIT,JÄGER,ASH
40,BzAsh.GIS,0.97,136076,28891,16053,14327,52.0,132406,32617,2416,9083,ASH,SLEDGE,JÄGER
41,Kawazexy,1.03,81833,11149,16049,8033,64.2,84393,12192,1058,5796,JÄGER,BANDIT,ASH
42,ii30RY,1.37,54383,22191,16019,5793,72.9,74715,22173,2158,4493,SMOKE,FUZE,JACKAL
43,ZOFIA-,2.06,38531,26362,16018,2625,85.6,79437,17792,770,3997,ELA,ASH,BANDIT
44,frostyorb,1.74,40262,23066,15996,3568,81.5,69930,23598,2209,4429,MUTE,THERMITE,THATCHER
45,ElGiulio,1.43,87195,34451,15965,5582,71.0,125007,29338,2149,7599,ASH,JÄGER,KAPKAN
46,RAGEnaldo.144Hz,1.72,53820,23766,15955,7336,65.4,92473,16898,1610,5669,FROST,THATCHER,SLEDGE
47,Duddi,1.37,60598,27531,15912,4856,74.9,82843,15285,1299,4681,ASH,DOC,JÄGER
48,jokerstar,1.51,53038,26435,15887,4960,76.2,79982,25443,1674,4435,FROST,TWITCH,ASH
49,MasturNayter,2.0,37612,29916,15775,2882,84.6,75141,23061,3627,3963,DOC,BLITZ,THERMITE
50,TBatist,1.46,52103,19649,15736,6846,68.8,75963,14424,1520,5312,HIBANA,VALKYRIE,THERMITE
51,Crazyteacher963,0.82,98378,12498,15733,15602,49.2,80805,23440,2084,6900,FROST,SLEDGE,LESION
52,SOG GUMBALL,0.64,95855,6401,15659,16992,46.7,61164,26310,1411,7087,KAPKAN,FUZE,ELA
53,Leland1989,1.21,67248,22944,15643,13948,46.5,81451,16240,2186,6819,ROOK,THERMITE,BANDIT
54,lII-Nicassio-lII,1.91,47448,19244,15634,6567,69.3,90514,13218,1397,4666,JÄGER,ASH,VIGIL
55,Strelnq,0.56,90700,7979,15618,11364,56.1,50459,10805,990,6404,SLEDGE,JÄGER,ELA
56,lRIGaM0RTiz-vV,1.19,73636,21826,15586,7490,67.3,87475,22382,1952,5557,HIBANA,JÄGER,BANDIT
57,Dfletcher,2.28,39027,25404,15575,3058,83.2,89097,20419,1564,4281,THERMITE,JÄGER,VALKYRIE
58,Insolint,1.38,64990,27505,15508,4664,76.0,89839,18448,1778,4633,TWITCH,JÄGER,PULSE
59,KEISER,1.7,39277,16331,15506,3151,82.5,66685,12302,940,4263,THATCHER,MUTE,ASH
60,C.M.E.T.A.H.K.A,1.95,35355,14839,15296,3581,80.4,69078,10240,772,4324,ACE,THERMITE,LESION
61,DUD3isNASTY,1.26,60193,24772,15293,6838,68.5,75699,21892,2732,4910,ASH,PULSE,BANDIT
62,ATH-Lunastra,1.66,51273,19702,15260,4901,75.4,84899,20661,1631,5169,ASH,FROST,BUCK
63,JNiicks,1.74,48407,15702,15221,5050,73.5,84351,11291,976,3844,BANDIT,SLEDGE,JACKAL
64,M3AYDIN,1.05,78813,23104,15175,10809,57.5,83033,20469,2312,5680,PULSE,ASH,SMOKE
65,rider-250r,0.7,83208,13599,15104,20024,42.5,58547,11450,2501,7110,GSG 9,CAVEIRA,JACKAL
66,SHANTRAH,0.94,121148,22314,15042,14135,50.6,114484,26411,3694,8617,VALKYRIE,CAVEIRA,PULSE
67,M9.-,1.36,43433,16574,15037,4489,76.6,59212,12610,1320,4895,TWITCH,ZOFIA,BANDIT
68,MOR_MOHAMMAD,1.62,38498,18207,15022,3028,82.5,62349,14992,1421,3756,LESION,JACKAL,VALKYRIE
69,lLennoxI,1.15,98264,34428,15018,8545,62.4,113161,28693,2342,7732,ASH,PULSE,MUTE
70,RELOADED-K9,1.51,71120,29663,14989,7313,66.2,107250,24356,2148,5484,JÄGER,BANDIT,ELA
71,nqkqx,0.75,85868,18653,14921,18144,44.8,64116,13112,1566,7779,ASH,JÄGER,BANDIT
72,DWEx ROBHOOD,0.97,97674,16769,14926,15346,48.7,94732,20867,2312,7371,FROST,KAPKAN,CAVEIRA
73,Putins1Horn,1.93,59862,25597,14909,7037,67.6,115343,16342,1491,5290,THERMITE,VIGIL,DOC
74,Il713lI-SkyL1ne,2.78,26870,26270,14903,2483,85.5,74620,16833,1252,3537,ROOK,TWITCH,ASH
75,qZentorix,1.86,56045,26675,14899,6612,67.6,104152,17362,1784,4751,BANDIT,TWITCH,CAVEIRA
76,JERRY-TO-97,1.85,42722,22099,14877,4184,76.7,78891,14646,2110,4344,TWITCH,CAVEIRA,BUCK
77,Dzkota,2.06,39986,20279,14849,2863,82.2,82468,14478,1251,4430,JÄGER,ASH,THERMITE
78,DannyKiIIa,1.44,66474,25739,14831,4207,73.7,95921,25356,1766,5797,JÄGER,ASH,BANDIT
79,MraznyVilku,1.15,95261,32683,14811,10615,57.2,109533,21253,1657,6763,BANDIT,JÄGER,ASH
80,kill_th-Devil,0.73,77539,9162,14809,14479,44.8,56899,16431,1174,6662,VALKYRIE,CLASH,FUZE
81,Filthy6,1.42,64921,21010,13503,8032,62.1,92256,20715,1704,5387,VALKYRIE,TWITCH,BANDIT
82,HTX_Ru7h13zz,1.12,58786,12798,13499,6332,64.9,65906,13905,1153,5082,FINKA,CAVEIRA,ASH
83,myslina7,1.31,113671,42676,13492,11412,52.9,149075,27890,2875,7958,JÄGER,TWITCH,ASH
84,l-Zul_Qarnayn-l,0.89,78092,13729,13492,9978,51.1,69890,18762,1187,7018,ASH,BLITZ,ECHO
85,SPQQPY,1.7,33590,18931,13484,2494,84.1,56957,13257,1447,3541,JÄGER,SLEDGE,BANDIT
86,zxart001,1.37,61660,27073,13452,7823,61.9,84496,18778,2664,4901,VALKYRIE,ASH,ELA
87,Rusty,1.72,54318,32069,13432,3931,76.5,93639,15027,1164,3799,JÄGER,ASH,BUCK
88,Nctd,1.88,35874,14756,13430,2326,82.3,67536,9148,733,4595,ASH,JÄGER,VIGIL
89,Dragussy,1.43,40422,17767,13417,3029,81.2,57735,16946,1098,3768,VIGIL,HIBANA,JÄGER
90,Stxzie,1.86,32920,23298,13414,3350,80.0,61375,17795,2331,3912,THERMITE,JÄGER,ASH
91,Assassin.PT,1.39,66601,31494,13408,6433,67.3,92624,22346,1667,4974,THERMITE,JÄGER,ROOK
92,mehmet0883,1.38,66568,18887,13400,7868,61.9,92131,16298,1903,4490,ASH,JÄGER,BANDIT
93,B-o-s-a-K,1.16,93412,24917,13390,11568,52.7,108566,20665,2951,7504,ASH,VALKYRIE,JÄGER
94,LittIeFoote,1.59,48428,19593,13389,4886,71.3,76829,15048,1961,4408,SLEDGE,TWITCH,BANDIT
95,xBajii,1.24,61606,21213,13385,6032,65.7,76531,17880,1761,5382,JÄGER,HIBANA,SLEDGE
96,LyzoIda,1.29,48409,15086,13365,7018,62.5,62515,14348,1899,4898,THATCHER,MUTE,THERMITE
97,High Profiled,1.56,50794,33541,13350,3724,76.9,79064,20326,1718,4146,JÄGER,TWITCH,BANDIT
98,GhostNoCasper,1.94,47347,29687,13343,4668,72.1,91866,17184,1943,4023,ASH,JÄGER,DOC
99,Mr.MaFFin_,2.17,28865,12905,13342,2962,80.5,62699,8103,784,3801,MUTE,LESION,BANDIT
100,GS BROLY,1.58,46841,17877,13330,7837,60.8,73910,16350,1973,5246,TWITCH,SLEDGE,LESION
101,The_Testube_Baby,1.31,67744,24926,13321,8294,59.9,88830,23161,1311,5209,ELA,ASH,DOC
102,I Tunii I,2.35,30477,25571,13313,3028,80.8,71674,15162,1606,3617,ASH,JÄGER,THERMITE
103,GhostSmokedArmy,2.01,40846,36916,13272,3398,79.5,81996,19229,2164,3558,ASH,JÄGER,TWITCH
104,Xyliganka_,1.07,113999,42595,14071,11978,49.3,122104,30155,2160,8621,SLEDGE,ASH,ZOFIA
105,lGodzy,1.78,50926,24852,14082,5354,71.1,90517,15829,1400,4813,ASH,JÄGER,BANDIT
106,Revy minds,1.55,81926,33549,14061,7923,62.4,127263,20719,1615,6470,JÄGER,JACKAL,VALKYRIE
107,X_X_XT3NTACI00N,1.69,68975,35000,14028,5296,70.8,116660,17985,1637,5831,ASH,JÄGER,TWITCH
108,LEVIJR2014,0.86,78748,14705,14010,12063,48.2,67901,17930,1973,6796,THERMITE,PULSE,CAVEIRA
109,OGofSiege,0.95,84963,27720,13968,11911,52.7,80906,27082,2803,6740,SLEDGE,BANDIT,IQ
110,oMuLm,1.38,61821,17226,13966,8602,60.6,85532,13101,1477,4733,TWITCH,BANDIT,JÄGER
111,xScxry7,1.07,89859,9570,13942,10927,52.8,95815,12004,1812,5509,JACKAL,KAPKAN,LESION
112,inf9mous,1.56,34695,12894,13931,4498,74.9,53998,10117,1332,3820,JÄGER,ZOFIA,ASH
113,OneOldXia.,2.49,29885,24926,13913,2267,85.2,74295,12859,1063,3583,TWITCH,HIBANA,BANDIT
114,ChainsOfCorax,2.01,48698,22836,13899,4603,72.8,98029,10293,984,3908,JACKAL,SLEDGE,JÄGER
115,iiHoNesTy,1.79,48164,26499,13896,3135,78.8,86169,16791,1472,4188,ASH,BANDIT,JÄGER
116,Arab sK1iIs,1.6,75090,49960,13887,5244,70.7,120277,25807,1591,5994,ASH,JÄGER,BANDIT
117,EbyteYT,1.19,79710,25495,13887,6984,65.3,94570,23895,2248,6184,BANDIT,THATCHER,JÄGER
118,Canical,1.34,88059,28928,13876,7324,63.0,118267,22745,1196,6650,JÄGER,ASH,TWITCH
119,FenriR_TheMiz,1.53,52982,23873,13875,5234,71.2,80914,11713,789,4406,BANDIT,SLEDGE,JÄGER
120,Lav9sh,2.09,29900,15112,13828,2022,85.9,62417,12057,1067,3564,ASH,JÄGER,BANDIT
121,TheuzDELICIO,1.4,91194,30820,13827,9288,58.7,127864,22653,1867,6685,VALKYRIE,ASH,TWITCH
122,starscrying,1.43,41291,20428,13813,3288,80.7,58997,20825,2150,3986,MUTE,THERMITE,THATCHER
123,cheesepie37,1.5,65772,33596,13806,4289,71.7,98533,24138,2346,5410,THERMITE,SMOKE,BANDIT
124,Kaf-Sin-Kaf,1.15,82590,19210,13775,13793,49.8,95381,23509,1848,7622,TWITCH,VALKYRIE,PULSE
125,zMotxBoy,1.69,61889,14724,13777,5707,67.7,104615,11600,1289,4844,JÄGER,ASH,TWITCH
126,KillerUnit82,1.0,65021,13959,13761,7982,52.5,64890,19709,1317,6388,KAPKAN,LESION,TWITCH
127,Morphxeus,1.22,56062,16931,13760,6008,68.7,68575,20313,2693,4635,THERMITE,JÄGER,HIBANA
128,Ytica,2.4,25865,16209,13736,1362,87.9,62147,11109,1087,3387,ASH,JÄGER,TWITCH
129,CoIIada,1.27,86085,35904,13728,6835,63.8,109202,28091,1500,6463,JÄGER,ASH,TWITCH
130,BoarS.Sin-7Ds,1.62,51749,21977,13706,5823,68.8,83782,15062,1201,4751,CAVEIRA,ASH,SLEDGE
131,TwizzyCriptd,1.15,103881,38345,13646,9146,59.3,119184,36597,2470,7222,JÄGER,ASH,BANDIT
132,JOS3PF,1.1,77037,23832,13642,10258,56.3,84536,21368,2408,5736,DOC,CAVEIRA,ZOFIA
133,Tomaszeu-PL,0.91,93799,28170,13639,13033,50.4,85711,25456,2622,7183,THERMITE,MUTE,ASH
134,makadipalace1978,1.28,83991,25345,13627,8582,60.5,107448,20241,2080,6770,JÄGER,ASH,BANDIT
135,mai esistito,2.42,35230,20126,13625,3672,76.7,85208,11757,968,4036,JÄGER,ASH,BANDIT
136,To1n0juuu,1.28,62470,15030,13630,7491,60.5,79841,13652,781,5250,VALKYRIE,HIBANA,LESION
137,Redskins Eze,1.09,89115,24901,13610,10296,55.9,97483,30153,2247,7004,SLEDGE,KAPKAN,JÄGER
138,sealsniper001,0.89,77994,11322,13612,13850,47.9,69721,21006,1473,5885,FROST,KAPKAN,FUZE
139,jefesz,1.29,79951,34087,13571,7356,63.0,102967,30856,2839,6738,TWITCH,BANDIT,DOC
140,WHOSEmxns,1.9,43622,27768,13558,5750,61.7,82955,11491,1229,5801,TWITCH,ASH,JÄGER
141,CoreLabRat,0.56,91138,6557,13556,14185,45.3,50824,14732,2646,7031,CAVEIRA,BLITZ,JACKAL
142,RoHL1nG,1.33,51434,21102,13522,7279,64.1,68242,21779,1419,5139,ASH,JÄGER,ELA
143,Obe2d,1.88,41567,16976,14670,3029,80.8,78260,13397,910,3832,JÄGER,TWITCH,VIGIL
144,IIPFII,1.68,45501,19467,14626,3666,78.6,76303,16805,1300,4319,JÄGER,TWITCH,ASH
145,iDevilize,1.09,62194,33211,14601,5457,72.5,68095,18951,2248,4229,HIBANA,SLEDGE,TWITCH
146,TOMITOMAnic,2.82,23419,15814,14545,1145,91.9,65964,7967,865,3180,THERMITE,ACE,BANDIT
147,SIR GQSMOOVE,0.85,135417,20241,14525,14164,49.6,115553,32249,1435,8892,FROST,FUZE,THATCHER
148,Dan3041.NW,1.17,103935,40234,14461,11479,54.7,121950,27428,2493,7372,JÄGER,THERMITE,ASH
149,Luruni,1.42,59331,27207,14459,6053,69.6,84084,20164,2072,5168,JÄGER,ASH,BANDIT
150,DustyKnackers,1.04,69461,15413,14444,11327,55.0,72049,19180,1685,5841,THERMITE,VALKYRIE,THATCHER
151,WOW_IcantAIM_23,1.49,43476,14362,14457,6851,66.3,64788,14581,1228,5068,BANDIT,HIBANA,ASH
152,SchleK1nG,1.59,57637,36410,14421,6817,66.9,91548,20720,1455,4828,JACKAL,THERMITE,LESION
153,Hidenori_Saitou,0.25,87035,9881,14367,19171,42.3,21625,4913,253,8153,MIRA,KALI,ROOK
154,KiNgVCsAm03,1.05,80881,14730,14329,12507,49.4,84779,17595,1074,7020,FROST,ASH,THERMITE
155,Zed.Smurf,1.47,54798,25483,14326,6058,69.3,80577,14884,1060,4503,DOC,TWITCH,ROOK
156,EMILYRATAJKOWSKl,1.73,60808,33834,14298,5002,72.1,104935,23228,2428,5399,ASH,TWITCH,JÄGER
157,Killinda,0.97,90982,21329,14237,11935,51.2,87808,21959,1661,7515,MUTE,THATCHER,THERMITE
158,gup_mako_,0.12,98759,4452,14179,20750,40.2,11951,3549,412,8845,SAS,GSG 9,FBI SWAT
159,II VxGETA II,1.62,53356,19490,14157,5649,70.3,86351,18231,1296,4906,LESION,VALKYRIE,GRIDLOCK
160,Smack-zak,1.36,48791,19589,14128,6392,66.9,66297,16806,1297,4270,ASH,JÄGER,ELA
161,Punk_Deer.,1.71,60009,41543,14114,7334,64.5,102634,16643,1473,4785,ASH,TWITCH,BANDIT
162,GItxh,1.28,58906,18191,14088,4765,72.0,75115,15418,1308,4491,JÄGER,ASH,LESION
163,GeneralTheOG,1.7,47328,22035,14085,3792,77.2,80422,11203,979,4060,VALKYRIE,JÄGER,ASH
164,Uncle-Zet,1.09,54538,11373,12035,12175,49.4,59635,13138,1102,5207,ZOFIA,BANDIT,LESION
165,Camilluh,2.04,33912,19173,12010,2515,78.9,69077,9991,1054,3443,JÄGER,ASH,TWITCH
166,LuCaJaMu,1.56,51032,21189,12005,4311,72.8,79857,17589,1960,4437,ASH,JÄGER,BANDIT
167,Mjskaa,1.23,76111,14810,12004,7578,60.1,93750,11490,889,6335,JÄGER,SMOKE,HIBANA
168,Evil-Genius4u,1.36,41312,14175,11998,3955,74.7,56344,12979,1583,4103,JÄGER,BANDIT,ASH
169,ohslo,1.71,42828,24734,11996,2325,80.0,73260,17435,1321,3714,ASH,JÄGER,BANDIT
170,SueaIo,1.49,43204,19075,11998,3392,75.7,64355,15444,1721,3748,ASH,JÄGER,BUCK
171,Ceya Later,1.76,38048,21641,11980,3448,77.1,67098,11685,1011,3610,JÄGER,BANDIT,ASH
172,BlitzyBTW,2.27,31368,19261,12008,4711,70.3,71067,12035,1123,3823,JÄGER,SMOKE,ASH
173,xXMikeyBoy15Xx,1.94,49475,20055,11965,7958,59.6,95768,14033,2437,3975,ASH,SLEDGE,KAPKAN
174,Mxntiis,1.34,61174,21589,11958,6677,61.5,81728,17308,1257,5294,JÄGER,BANDIT,ASH
175,F-I-N-D-A-K-L-Y,1.26,49675,15267,11954,6737,62.3,62459,14257,1772,5324,LESION,THERMITE,JACKAL
176,Megajunn,1.03,49687,13023,11946,6519,64.0,51280,13188,714,4105,THERMITE,MUTE,ROOK
177,SLHPZ-,1.08,101637,29515,11930,10556,51.1,109783,23847,2087,6800,ASH,BANDIT,JÄGER
178,JAYLRZ,1.46,43419,21590,11966,4240,72.1,63604,18288,1816,3774,BANDIT,TWITCH,SLEDGE
179,P4UL47EJ4N0,1.21,66835,21003,11925,7896,59.5,81132,18926,1950,5231,ASH,BANDIT,PULSE
180,Y0U...,1.13,69035,16482,11924,9391,53.3,78197,11339,1137,4769,ASH,JÄGER,DOC
181,xDreeamy,1.31,74511,36812,11916,5577,64.0,97378,27331,2294,5482,ASH,JÄGER,BANDIT
182,kinkistudx,1.15,84038,25795,11910,8942,56.3,96833,32575,2878,6933,JACKAL,TWITCH,KAPKAN
183,Buqik,1.33,53335,15779,11908,7095,61.3,70943,14450,1880,4700,THERMITE,BANDIT,PULSE
184,Misimoi,2.16,39110,33675,11903,6017,66.1,84533,13393,1081,3999,ASH,ZOFIA,THUNDERBIRD
185,MK-187,0.87,99502,21059,11897,10957,51.4,86806,27121,2311,7437,KAPKAN,THATCHER,JÄGER
186,Twyhard,1.52,48029,20106,11896,4250,71.9,73231,18268,1260,3651,ASH,JÄGER,TWITCH
187,pianotaxfraud26,1.25,65281,39525,11892,5795,66.7,81433,20432,2063,4283,ASH,JÄGER,TWITCH
188,Guuu Gn,1.34,66959,25876,11889,7030,59.5,89639,17516,959,5209,JÄGER,ASH,BANDIT
189,Swaggy4Sure,1.71,41570,16670,11887,3351,76.0,71194,10865,790,4085,ROOK,JÄGER,TWITCH
190,R3Y MIST3RI0,1.17,49756,14825,11982,6179,49.8,58216,11224,1561,6149,MUTE,THATCHER,ROOK
191,LeonGids.FBC,1.32,72989,37785,11874,5363,68.3,96370,21845,1520,5121,JÄGER,SMOKE,ASH
192,Pina,1.55,50538,24849,11871,2973,79.4,78168,17699,2433,4771,ASH,TWITCH,JÄGER
193,itxMor3,1.0,66867,12066,11865,11835,48.5,66578,14109,1052,5824,FROST,THERMITE,THATCHER
194,tora0509,1.0,78710,20021,11865,11808,49.6,78383,21607,1802,5939,LESION,ASH,ECHO
195,Kjngkvng,1.08,85809,24563,11855,9583,54.5,93031,24018,3171,7172,TWITCH,JÄGER,SLEDGE
196,SirRuin420,1.17,61164,20432,11855,9937,53.9,71783,19398,2160,4569,ASH,ELA,VIGIL
197,Hade.exe,1.08,80325,36361,11855,8702,57.1,86903,24573,2295,5917,ASH,JÄGER,BANDIT
198,DONT_PEEK_ME02,1.15,97607,37284,11852,11366,49.7,112441,26775,2186,7035,JÄGER,ASH,TWITCH
199,Screamo Jon,1.71,33286,15414,11854,2347,82.3,56923,13043,934,2895,KAPKAN,HIBANA,THERMITE
200,manuelno,1.03,68424,16648,11842,8178,52.5,70163,14674,1467,5367,TWITCH,ASH,JÄGER
201,POKRAK_77,0.88,85734,12857,11842,12717,47.8,75079,23735,1548,6908,FROST,FUZE,MUTE
202,SNAK5116,1.05,72435,15259,11595,9949,52.9,75705,17310,1463,5587,ASH,CAVEIRA,VIGIL
203,Rogu3..,1.75,41590,22789,11591,5554,65.9,72703,17050,1849,4063,JACKAL,SMOKE,BUCK
204,Juggernaut WZRD,1.48,44294,17528,11581,4496,71.6,65668,15647,1149,3315,ELA,CAVEIRA,VALKYRIE
205,HongKongDoll-.,0.83,3595,209,11580,583,49.8,2981,251,22,3617,ASH,LESION,DOC
206,LIFE IS 1964,1.1,53039,14755,11646,10509,50.4,58328,13510,1309,5425,MUTE,THATCHER,THERMITE
207,ID-QUAKER,1.49,60301,21985,11558,6360,63.0,89959,18302,1718,5654,JÄGER,TWITCH,THERMITE
208,g3offrey,1.24,59934,19328,11555,7177,59.4,74386,17224,1609,4837,ASH,TWITCH,ELA
209,Fraqger,1.36,68503,19060,11542,5054,67.6,93043,12830,1067,4234,JÄGER,TWITCH,ASH
210,Kernal.Panic,1.05,84117,18123,11540,11022,49.4,88376,19620,1805,6922,THERMITE,FROST,ASH
211,Spoken Voltz,2.79,30034,29086,11535,2027,84.8,83856,15724,2018,3206,DOC,TWITCH,KAPKAN
212,QueenLylo,1.21,59698,19176,11533,8730,54.5,71956,13453,1373,4700,SLEDGE,THERMITE,BANDIT
213,W2Abood,1.16,77297,21405,11522,7432,59.6,89687,19599,1850,5781,JÄGER,ASH,TWITCH
214,EnvyTaylor.FOX,2.51,25485,30753,11521,1617,86.8,63908,12829,1371,2754,ASH,SMOKE,JÄGER
215,WhatRYouAimingAt,1.48,51186,20461,11507,3875,73.5,75648,20069,2335,4508,JÄGER,THERMITE,TWITCH
216,ReckfulTracerxx,0.93,100076,24128,11520,11228,49.8,92827,25929,1747,6423,SLEDGE,ASH,VIGIL
217,nuke__d,1.46,50357,20293,11505,4267,69.7,73465,17464,1602,4189,BANDIT,JÄGER,HIBANA
218,xSako7,0.93,55520,8013,11504,8299,53.6,51909,8506,1158,4524,ZOFIA,LESION,THERMITE
219,Ima Buck It,0.77,87162,17007,11488,9633,54.1,67261,22370,1967,6046,ASH,JÄGER,THERMITE
220,AIienista,1.42,44739,21475,11478,4851,70.2,63408,18583,1781,3747,JÄGER,TWITCH,ASH
221,AngWolf_SYG,0.99,99896,34291,11477,10900,50.6,99012,26469,2683,6900,HIBANA,BANDIT,SMOKE
222,ZEEROO94,1.25,53277,16539,11477,7251,60.7,66776,12463,1267,4120,JACKAL,FROST,LESION
223,EGGTick_-,1.96,37505,23176,11473,2897,79.3,73637,13533,1331,3122,THERMITE,SMOKE,ROOK
224,JaveAsarais,1.47,42385,13225,11497,5530,65.7,62467,12898,1310,4213,THERMITE,TWITCH,ASH
225,TwiXxoTwisT,1.75,42182,29334,11474,4258,72.7,74026,17891,3270,3626,TWITCH,JÄGER,ASH
226,ALiENSMOKEZ,1.36,58375,21324,11468,5784,65.5,79377,18251,1577,5415,BLITZ,JÄGER,PULSE
227,tgL.MetalBars,1.41,43799,18350,11467,4052,73.5,61550,13370,631,3379,HIBANA,SMOKE,ASH
228,ST4BLE,1.64,39484,17893,11467,3806,73.5,64831,16514,1335,3764,TWITCH,CAVEIRA,ASH
229,Vardaii,1.28,46486,16348,11467,5889,65.4,59643,17198,1556,3776,BANDIT,ASH,THERMITE
230,CQB BEAST322,1.18,63220,16776,11467,8889,56.0,74876,17858,1713,5406,JÄGER,THERMITE,THATCHER
231,ccdoc7556,0.77,89720,13316,11464,11722,49.0,68697,19476,1161,6317,ZOFIA,CASTLE,THERMITE
232,KrypTic Runner,1.81,54017,38810,11455,2848,78.6,97563,22553,1975,4345,ASH,JÄGER,BANDIT
233,Retro vs Geek,1.09,81473,25739,11453,10389,52.0,89204,21982,2532,6874,IQ,TWITCH,BANDIT
234,ll-Squog-ll,2.09,34355,19716,11480,2947,71.8,71942,14402,2027,3662,BUCK,ROOK,SMOKE
235,QueenMeep.,1.04,75788,26912,11451,9950,53.3,79140,22827,2321,6024,TWITCH,BUCK,IQ
236,zGonzaaGoomez,2.29,27759,13822,11444,2749,77.3,63630,8214,837,3128,JÄGER,ASH,BANDIT
237,AegisZ,1.22,58467,26248,11434,8021,56.6,71088,15637,1587,4724,DOC,JÄGER,TWITCH
238,KOTOHIME-,1.55,52986,26088,11431,5376,66.7,81900,13203,988,3798,ZOFIA,BANDIT,DOC
239,Superbatman6348,1.03,60677,5360,11436,10700,38.5,62386,8051,1017,6165,CAVEIRA,ELA,SLEDGE
240,Spanishcow,1.03,4069,1856,11423,634,59.6,4193,1273,167,1506,ROOK,FBI SWAT,THATCHER
241,l_am_Krypton,1.71,48813,25019,11414,4811,69.1,83270,17640,1742,3893,BANDIT,THERMITE,ASH
242,anewhorizon,1.08,60496,15178,11424,9479,53.0,65061,14599,1389,5483,VALKYRIE,SLEDGE,BUCK
243,NAzgaf,1.24,73602,23391,11392,6833,61.9,91462,16526,1262,5053,TWITCH,ASH,ZOFIA
244,MR BUNGLE 1991,1.02,64055,10095,11808,10936,50.0,65375,19928,834,4876,FROST,GLAZ,LESION
245,wongtung2046,1.01,66196,19184,11804,7465,56.2,66989,14149,2841,6594,THERMITE,MUTE,HIBANA
246,Silent_Buddha_,1.64,50363,28222,11795,6384,64.5,82804,14585,2166,4332,THERMITE,ROOK,BANDIT
247,Spxrou,1.29,65672,23726,11792,5959,65.4,84461,21159,1190,5214,LESION,THATCHER,JÄGER
248,AquaMocha805249,1.81,49429,21089,11774,4085,73.8,89558,13871,1508,3904,JACKAL,GLAZ,ROOK
249,TAC0V1K1NG,0.81,72271,8620,11789,12465,47.2,58179,20177,1141,5308,KAPKAN,FUZE,SLEDGE
250,SpeedyTheMonkeyy,1.28,76626,25758,11771,6511,63.4,98432,20661,1530,5722,ASH,JÄGER,TWITCH
251,l-Sam_Fisher-l,1.31,55744,16498,11803,8800,54.6,72772,13647,1797,5308,LESION,JÄGER,BANDIT
252,Vulixe,1.36,68173,24929,11767,6160,62.9,92477,19231,1564,5466,JÄGER,ASH,TWITCH
253,F-Y-Y-F-F,0.96,66328,10455,11769,12782,45.0,63662,10862,612,5219,JACKAL,ROOK,GLAZ
254,MAIK--DEVED,1.16,65748,20962,11758,7672,58.6,76148,15247,1375,4647,IQ,JÄGER,FROST
255,TL Syzygy,1.51,49499,14758,11753,4942,67.2,74904,11338,901,3939,ASH,JÄGER,BANDIT
256,zPykachu,1.56,41445,15790,11751,4201,73.0,64629,11670,732,3732,JÄGER,ASH,BANDIT
257,Linkrho98,2.2,42977,31616,11751,3591,76.5,94513,16414,1343,3610,JÄGER,BUCK,ASH
258,TxLvi,1.57,38133,5996,11742,3187,76.6,60034,4364,230,3883,JÄGER,ASH,ZOFIA
259,handy0502,1.42,39606,11315,11744,6226,61.6,56425,9594,1299,4736,THERMITE,MUTE,THATCHER
260,Kingmorhaf,1.58,51314,10991,11745,4494,64.8,80923,6736,642,5087,JACKAL,ELA,JÄGER
261,StannicLB,1.09,46634,17903,11734,5680,67.4,50707,19113,1702,4062,VALKYRIE,ASH,PULSE
262,ALMAR_RJ,1.4,65471,20831,11733,7691,59.0,91384,17756,1285,5351,VALKYRIE,JÄGER,THERMITE
263,PAPI CHULO 157,1.08,75944,24233,11733,10076,53.2,82040,23229,1967,5312,ASH,BANDIT,ELA
264,Praughdigy,1.81,42930,5715,11731,3163,77.1,77553,4193,717,3518,ASH,JÄGER,BLACKBEARD
265,zLukiTaaa__,1.16,87605,28541,11730,8977,53.4,101468,24548,2436,6368,JÄGER,LESION,BANDIT
266,W_E_M_3_,1.01,64866,19993,11813,8195,55.0,65478,14718,1638,5838,HIBANA,MIRA,JÄGER
267,Justinmillares,0.96,78042,17279,11723,11287,49.6,74740,16571,1787,5766,GRIDLOCK,FROST,SLEDGE
268,Fenosrov,1.41,76669,29149,11719,5421,64.6,108073,22822,735,5186,ASH,JÄGER,MOZZIE
269,TheAnimeWeeb,2.04,40216,26700,11710,3568,76.2,81934,15626,2121,3499,HIBANA,BANDIT,ASH
270,Lud0-R6Yt,0.75,69572,21454,11707,10799,52.0,52183,21215,3051,4725,DOC,BLITZ,TWITCH
271,BBMccccc,1.65,39401,36393,11704,3303,78.0,65139,15193,1918,3323,BANDIT,JÄGER,BUCK
272,vLxssye,1.71,44915,25412,11703,4398,72.1,76751,17638,2493,3612,ASH,JÄGER,VALKYRIE
273,HarIows,1.14,83279,34492,11705,8574,56.8,94957,31722,2309,6304,FROST,HIBANA,JÄGER
274,jams_93,1.14,94584,23928,11703,11463,50.1,107605,27407,2177,7479,PULSE,SLEDGE,THERMITE
275,ChanGaEr-.,1.47,48884,40930,11703,5236,69.0,71659,17326,1929,3695,ASH,JÄGER,DOC
276,sasukelosgame,0.96,67321,17769,11726,8576,54.2,64904,18405,2227,5548,CAVEIRA,VALKYRIE,ASH
277,iLetyoudown,1.95,25324,22009,11702,1706,87.1,49437,12877,1622,2717,ASH,BANDIT,JÄGER
278,Killa_BiIlz,0.81,105878,23461,11703,10946,51.0,85385,23621,2932,7462,BLACKBEARD,JÄGER,DOC
279,Kapkan,1.17,72149,18903,11699,7043,61.5,84185,23326,1837,5634,THERMITE,PULSE,JÄGER
280,PortugeseBULL1,0.93,98582,22134,11704,11620,49.6,91395,21817,1054,6193,SLEDGE,ASH,CAVEIRA
281,John_W1cK_,1.18,66857,23603,11701,6186,64.8,78790,18616,1893,4366,DOC,AMARU,VALKYRIE
282,tqguuuu-nikukai,0.07,101324,1845,11684,27861,29.5,6689,1856,432,8223,GSG 9,FBI SWAT,SAS
283,Jujuman12,2.06,24428,15816,11816,2076,84.8,50201,10802,972,3071,THERMITE,VALKYRIE,HIBANA
284,OG-Kush-420G,1.85,46033,27290,11675,5125,68.9,85048,15795,1676,4164,JÄGER,BANDIT,ASH
285,H3cK1nG.-,1.51,50317,20444,11671,4961,69.3,75810,12600,1002,3910,ASH,CAVEIRA,TWITCH
286,M1nd0F,1.56,113198,17017,11668,7271,60.5,176976,13757,1054,5368,SMOKE,BANDIT,THERMITE
287,SUICIDE-SQUAD-ID,1.11,51736,15682,11662,6364,62.5,57180,15509,2159,4442,JÄGER,BANDIT,ASH
288,SniperGiody360,1.72,66417,34059,11643,6139,64.8,114476,26651,2692,5767,JÄGER,ASH,TWITCH
289,TiM-_-CliO,0.88,73534,12895,11641,9612,54.3,64649,23452,1217,5195,FROST,FUZE,LESION
290,Pandae-,1.46,57976,30676,11627,4572,71.2,84432,16692,1463,4035,ASH,JÄGER,HIBANA
291,bahram.ffx,1.14,97825,45203,11621,10959,51.0,111294,29183,2491,7368,SLEDGE,VALKYRIE,HIBANA
292,Arikaras72,0.84,60583,11053,11617,9869,50.6,50714,12286,1182,5157,BANDIT,THERMITE,CASTLE
293,Gingyl,1.19,73282,23875,11613,7289,60.3,86851,23271,2216,5135,ASH,HIBANA,VALKYRIE
294,Nakaj1ma_youko,1.06,46762,14361,11615,6567,62.9,49409,12267,1935,4184,FROST,BANDIT,KAPKAN
295,YuIdav,1.18,61235,16878,11611,9353,53.2,72173,15879,1908,4896,TWITCH,HIBANA,JÄGER
296,byALEX05,1.89,39854,26340,11606,4647,71.2,75431,19375,2522,3755,JÄGER,ZOFIA,BLACKBEARD
297,Sg_WeiserLeiter,1.05,87394,22921,11605,10420,52.0,91531,20295,1778,5017,TWITCH,BANDIT,BUCK
298,MTNEERMAFIA,0.9,61437,12241,11604,11391,49.4,55496,16940,787,4457,LESION,SLEDGE,ACE
299,IconicTurtle90,1.13,77859,21601,11840,9346,55.4,87995,17063,1804,5649,ASH,VIGIL,JÄGER
300,OTFreyr,1.38,56664,21624,11837,5598,64.9,78379,14470,900,4813,JÄGER,ELA,SLEDGE
301,sharpshooter_00I,0.99,67487,15595,11824,9336,54.9,67086,19252,1323,4954,JACKAL,PULSE,SLEDGE
302,InternaIPrimates,1.38,56944,18540,11822,7380,61.4,78392,16177,1208,5905,SLEDGE,CASTLE,MIRA
303,FlipBubble,1.92,30602,23624,11822,3131,79.1,58720,18167,1626,3296,TWITCH,ROOK,ASH
304,HIMLAR k11,0.87,62084,8294,11835,9821,46.6,54137,12262,955,4980,BLITZ,KAPKAN,ROOK
305,Desmer.,1.88,35962,27733,11806,3968,74.6,67588,17120,2144,3453,MONTAGNE,ROOK,LESION
306,ShadowReach8837,0.97,92022,26988,11804,9085,56.2,89364,32688,2355,6610,FROST,MUTE,MONTAGNE
307,terryrocksx_,1.07,66090,18040,11803,8409,56.2,70617,20132,1852,4728,FROST,TWITCH,THERMITE
308,Jacked_Estrada,1.46,46416,17143,11802,5772,66.3,67612,13838,1603,4865,PULSE,THERMITE,KAPKAN
309,iGhosTiz_,1.99,47028,24783,12394,5115,70.4,93591,16710,1793,4428,ASH,VALKYRIE,ZOFIA
310,YvnqVenxia,1.42,78394,31644,12384,7146,61.6,111359,23825,1267,6128,JÄGER,PULSE,ASH
311,Terrify,1.37,60809,28438,12369,5706,67.8,83464,18112,1946,4759,THERMITE,HIBANA,VALKYRIE
312,JohnThysen,1.65,52311,22596,12353,7862,61.0,86531,15646,1468,4376,ASH,IQ,KALI
313,Gudrus-Apuokas,0.94,116378,21918,12339,12462,49.1,109720,22323,1017,7973,SLEDGE,MUTE,FROST
314,Mickellini,1.28,56703,16321,12336,8852,57.0,72598,14060,912,4469,VALKYRIE,SLEDGE,FUZE
315,SyynixNA,1.46,64431,16689,12320,6274,64.7,93887,13928,1320,5416,JÄGER,ASH,BANDIT
316,faff_6500,1.09,52545,7058,12319,10283,41.3,57048,15483,633,6885,FUZE,FROST,KAPKAN
317,Wozmetjou,1.03,69369,19753,12283,12062,50.0,71129,19270,2065,5025,LESION,DOC,ASH
318,Flip Albatroz7,1.38,50710,14819,12287,5322,69.3,70202,14151,1685,3873,FUZE,TACHANKA,FROST
319,andrekuchiki,1.57,41220,18712,12279,4015,75.0,64913,14898,1712,3712,ASH,JÄGER,TWITCH
320,HAVI94,1.01,95674,25899,12274,9970,54.4,96764,35252,2291,6950,KAPKAN,BLITZ,THERMITE
321,xItz_TaIMOx,1.36,50232,16531,12274,5863,65.4,68402,18667,1295,4049,TWITCH,BANDIT,ASH
322,PIMMELPOLIZEI,1.65,33067,16705,12273,3624,76.7,54659,14321,1478,3450,GLAZ,THERMITE,FROST
323,ANCELLM,1.17,54041,24228,12270,10338,54.1,63122,13792,1089,4677,SAS,GSG 9,ASH
324,RepIjcator,1.35,74011,21390,12259,8622,53.1,99836,15580,1558,6343,VIGIL,ASH,IANA
325,McLunchbox_,1.11,61280,19798,12252,8609,58.0,68164,16991,1467,4861,MUTE,FROST,THERMITE
326,Good.Luck.All,1.06,94885,30827,12253,11722,50.6,100737,26696,1663,7070,ASH,SLEDGE,LESION
327,JesusAboveAII,1.41,73874,22617,12238,6263,63.0,104376,13977,717,5745,JÄGER,ASH,VIGIL
328,M0kA-,2.01,33242,22875,12228,2121,83.9,66784,8515,646,3275,ASH,JÄGER,DOC
329,heIpsy,1.58,44987,22591,12233,4944,70.0,71043,16946,1463,3779,FUZE,CAPITÃO,FROST
330,nicopyon25,0.15,120843,4443,12220,27035,31.1,18322,9967,7608,8535,FBI SWAT,GSG 9,DOC
331,WhyMurdaa,0.97,111633,42242,12207,11381,51.1,108414,25771,1862,7073,ROOK,FROST,FINKA
332,MajorForde,1.22,71028,16354,12204,8381,51.9,86456,11976,1019,5191,CAVEIRA,DOC,ROOK
333,TRICKST3R 1ERZ,1.64,51845,23433,12201,5314,69.0,84767,16105,1187,4143,VIGIL,TWITCH,ASH
334,StandALOne98,0.94,84523,21992,12194,12316,49.2,79735,16018,1307,4987,CAVEIRA,ZOFIA,LESION
335,Kxrrxpted,1.24,56837,19787,12204,8663,55.2,70218,16152,1533,5029,JÄGER,DOC,ASH
336,Mantis-.,1.82,44365,33548,12192,5077,69.7,80850,18056,2038,4044,ASH,BANDIT,JÄGER
337,tuzhno,1.8,25946,12955,12190,2117,83.9,46701,8958,1063,3343,JÄGER,THERMITE,SLEDGE
338,PeachMint,1.49,38474,24030,12179,2183,84.7,57294,15094,1209,3227,JÄGER,BANDIT,IQ
339,Sayuzah,1.66,65923,27931,12173,5178,69.7,109616,15660,909,5047,ASH,JÄGER,BANDIT
340,AnsonL69_-,2.49,28700,22169,12160,2396,82.6,71384,13237,1124,3428,ASH,JÄGER,VIGIL
341,WANTED_66BR,2.15,37748,18210,12167,3218,77.6,81119,10745,1305,3533,JÄGER,TWITCH,ASH
342,ivanchan1107,1.41,40662,14348,12169,6474,64.7,57273,12295,1833,4262,BANDIT,JÄGER,HIBANA
343,Ill Cody llI,1.65,47417,26402,12137,3633,75.7,78374,17514,1271,4053,JÄGER,ASH,THERMITE
344,AimbotHiredMe,1.51,32439,19535,12131,2147,85.0,48828,23300,1638,3116,TWITCH,BANDIT,JÄGER
345,SamG309,1.76,45123,18367,12132,4854,69.8,79356,12583,2048,3556,HIBANA,JÄGER,FROST
346,itsWobble,1.77,21062,6401,12199,1578,88.3,37384,6969,575,2989,ACE,HIBANA,MELUSI
347,attila penge,0.94,117258,6679,12109,12634,45.7,110020,10331,1200,5395,KAPKAN,FUZE,ACE
348,BeciENTROPY,1.49,56347,20554,12110,5849,65.7,84053,16530,1366,4814,HIBANA,JÄGER,BANDIT
349,lMoraal,1.59,62898,26618,12095,4804,69.8,100147,18080,1272,5263,JÄGER,ASH,BANDIT
350,R6_Degenerate,1.8,48504,31438,12094,5083,70.2,87359,23478,1934,4365,JÄGER,ASH,BLITZ
351,bogomol1987,1.01,94679,30812,12079,11711,49.6,95252,22684,2024,6698,DOC,HIBANA,JACKAL
352,DOUWATlKU,0.01,94050,360,12061,22103,35.3,1353,666,330,7898,FBI SWAT,FINKA,LION
353,kaneti_,1.72,37901,19823,12059,3600,76.6,65375,16093,1142,3823,SMOKE,ASH,BANDIT
354,LIPEERAA,1.15,88235,34705,12052,8612,56.9,101713,29125,2430,6350,ASH,JÄGER,VALKYRIE
355,Gozpil,1.85,43744,22927,12055,3403,76.5,81051,14248,981,3641,ASH,BANDIT,JÄGER
356,Corejuno,1.29,80927,28151,12038,8557,57.6,104564,19522,1436,5900,CAVEIRA,JÄGER,BUCK
357,Noobasina,1.04,76692,15487,12472,10903,52.6,79670,24498,1209,6420,LESION,FUZE,TWITCH
358,Juice.Fresh,1.26,67924,26957,12453,8505,58.8,85779,16837,1788,5442,ASH,BANDIT,SMOKE
359,DeleteShift,1.9,26949,17142,12434,1973,86.3,51106,16596,1609,2988,TWITCH,CAPITÃO,ECHO
360,Kamelot.,1.48,58054,32686,12426,8436,57.2,85697,14739,1558,5665,VALKYRIE,ELA,FINKA
361,Mapama_,1.54,48348,22380,12410,4527,73.0,74392,20218,1747,4319,THERMITE,BLACKBEARD,MUTE
362,zMxnezes,1.8,34536,10919,12418,2104,84.7,62018,7373,687,3257,JÄGER,ASH,BANDIT
363,Ziusudra-IQ,1.23,57142,17404,12398,10952,52.5,70531,15174,1953,5161,THERMITE,JÄGER,FROST
364,FUZZYwoo452,1.25,45768,13819,12403,6566,64.5,57016,15358,1399,4434,SLEDGE,ELA,VIGIL
365,ALhagawi-,1.12,100997,37440,12385,10536,52.8,112827,31943,3109,7453,SLEDGE,ASH,VALKYRIE
366,silverhunt27,1.13,67409,15082,12385,9405,51.6,76228,15006,925,5501,KAPKAN,THERMITE,ACE
367,Bagman.ACEs,1.12,61130,27523,12623,4701,72.7,68306,24266,1189,4516,VALKYRIE,ASH,KAPKAN
368,GunningGuru,1.54,37661,20281,12619,2624,80.9,57898,17729,1017,3494,IQ,JÄGER,MUTE
369,tyswagger100,0.75,75527,9497,12619,12161,46.8,56768,18860,2017,5873,CASTLE,KAPKAN,FROST
370,PGC_CrazyTornado,0.93,71829,13248,12633,8245,50.0,66575,13718,1875,6473,LESION,ZOFIA,ELA
371,Jqku,2.03,31715,19698,12588,2660,81.7,64534,14685,1514,3577,BANDIT,JÄGER,JACKAL
372,DamnnnnDaddy,1.82,46428,20078,12587,6740,64.4,84403,16905,1556,4764,THERMITE,MUTE,FROST
373,Lewisited,1.81,43144,15136,12560,4271,71.3,78149,9910,1332,4556,JÄGER,TWITCH,ASH
374,ElQaRAoUi,1.52,50848,14291,12551,3859,75.7,77528,9264,704,4367,ASH,JÄGER,PULSE
375,frosttime,1.12,86698,28314,12524,8122,59.6,96729,20064,1567,6470,JÄGER,BUCK,BANDIT
376,T3J.Stilnox,1.01,10546,3468,12508,1585,51.6,10658,2994,332,4771,ROOK,BLACKBEARD,MUTE
377,GR8GAZOO74,1.05,78638,13726,12495,10572,51.9,82755,15497,776,5084,FROST,THERMITE,FINKA
378,Purlux,1.53,63549,36689,12493,3849,73.2,97357,22330,1375,4862,ASH,JÄGER,SMOKE
379,bougi420,0.93,74880,19225,12492,12549,49.6,69834,18081,2269,5120,JACKAL,DOC,LESION
380,YxsEclezya,1.75,40256,23310,12488,3178,79.7,70566,18144,1480,3530,ASH,PULSE,JÄGER
381,Trusty_Elric,1.63,36696,22666,11184,3998,73.0,59718,16308,1221,3234,TWITCH,SMOKE,ELA
382,vArxqz,0.97,73694,20055,11181,8756,55.4,71153,19682,1828,5688,JÄGER,THERMITE,BANDIT
383,MightyChicken007,1.05,63822,17920,11176,9334,49.9,67306,16402,1909,5959,THERMITE,HIBANA,LESION
384,IILostrandomll,1.17,77771,19488,11174,7515,58.9,91010,18711,1108,6029,JÄGER,ASH,LESION
385,TwRn444,1.15,87666,25850,11172,9120,52.6,100765,19008,1155,6471,JÄGER,ASH,LESION
386,CosmicFlower1991,1.06,96733,31105,11171,10631,50.6,102550,28041,3254,7168,THERMITE,THATCHER,DOC
387,Qoaa KiX,1.0,77054,17994,11169,9825,50.0,77421,14657,1780,5504,LESION,ASH,AMARU
388,tgL.Swake,1.27,43976,21369,11167,4646,70.1,55958,13605,1223,3603,THERMITE,VALKYRIE,BANDIT
389,ETM99--,1.75,42861,17816,11159,3646,74.8,75011,13051,1518,3552,SMOKE,JÄGER,ASH
390,Shout_UP,0.92,8847,2604,11154,1064,50.9,8123,2286,237,5645,THERMITE,JÄGER,FROST
391,ilLuuKzz,1.88,43627,16902,11149,3338,75.9,81864,10849,1021,3804,ASH,JÄGER,VALKYRIE
392,SgtSmallFace,2.82,17083,17230,11144,1012,91.2,48177,12360,1697,2539,JÄGER,TWITCH,THERMITE
393,Nomad Streicher,1.81,39695,18477,11135,3656,62.2,71951,11788,1085,4550,ASH,JÄGER,TWITCH
394,Montagne_R6s_,1.02,71178,15972,11135,9801,52.8,72861,16743,1771,5240,MONTAGNE,CAVEIRA,ASH
395,FortyS.,1.83,39288,36690,11134,2799,79.9,71994,15642,1535,3477,JACKAL,BANDIT,SLEDGE
396,DuffProdz_,1.25,52955,23180,11133,4657,69.6,66346,16869,1385,3929,SLEDGE,BANDIT,JÄGER
397,SpaceMonkey_PR,1.28,75970,22081,11129,7525,57.0,97530,20856,1342,5820,CAVEIRA,ASH,JÄGER
398,turko119,1.06,58902,12167,11124,8831,46.9,62442,13351,1086,5271,CAVEIRA,KAPKAN,FUZE
399,Dreuzx,1.04,59021,16908,11122,7313,54.8,61106,15626,1732,4662,VALKYRIE,TWITCH,ASH
400,Sporadic Sully,1.3,42145,15136,11122,5474,65.2,54719,13474,1419,3476,THATCHER,MUTE,FROST
401,fisher_boat,1.04,58047,19299,11120,10929,50.4,60107,17022,2019,4300,ASH,BANDIT,JÄGER
402,Motchon_,2.17,34907,28224,11118,2694,80.4,75871,14826,1821,3991,THERMITE,JÄGER,SLEDGE
403,Fake-_-SmiIe,1.28,53529,20565,11115,7177,59.8,68759,17135,1683,4312,ASH,JÄGER,HIBANA
404,Kheyz3x,1.53,37560,15943,11109,4353,71.5,57369,12002,1458,3650,JÄGER,ASH,THERMITE
405,tangtang219,1.52,44659,20793,11110,5121,67.9,67884,13989,1018,3662,ASH,BANDIT,JÄGER
406,Aw22h5Z,1.08,75464,18007,11107,11891,43.4,81607,11323,2654,5431,ASH,VIGIL,BANDIT
407,MRcredo7,0.89,96407,16837,11104,10888,50.1,85528,35012,1337,6885,MONTAGNE,FROST,TWITCH
408,OpposedAtom5503,1.33,47582,24538,11102,5795,65.5,63378,18294,1704,4048,JÄGER,BANDIT,HIBANA
409,III-DIMARIK-III,0.85,94587,20223,11102,10836,49.5,80489,21965,1676,6652,JÄGER,THERMITE,BANDIT
410,KervinJr,2.04,37684,24854,11102,3237,73.8,76694,15534,1141,4045,ASH,HIBANA,JÄGER
411,LowlySoul,1.34,50518,14543,11101,7162,58.1,67640,12158,975,4202,SLEDGE,VIGIL,BUCK
412,Il-ONAGA-Il,0.72,67289,11096,11097,7126,58.8,48764,14661,1602,4781,KAPKAN,VALKYRIE,FROST
413,Vespertus.,1.54,46915,26081,11094,4758,69.3,72164,19173,1654,3911,BANDIT,THERMITE,SLEDGE
414,Murky.REBORN,1.29,76872,30627,11097,7254,58.1,99443,14696,1204,4779,BANDIT,ASH,JÄGER
415,Love Killin,1.88,32736,15301,11078,5027,68.1,61475,11932,1210,3601,THERMITE,CAVEIRA,JACKAL
416,FENRRIR-_-,1.65,51997,27767,11075,6249,62.2,85910,15731,1432,4378,THERMITE,DOC,JÄGER
417,Gamer.0.,1.1,62879,15706,11068,10449,50.5,69243,15871,1982,5458,FROST,ASH,THERMITE
418,Belenos279,0.93,57295,8511,11060,11090,48.4,53120,14298,1028,4636,FROST,TWITCH,MUTE
419,VillainInBlue,1.4,48736,19274,11057,5011,68.0,68397,16068,1257,3686,ROOK,FUZE,ASH
420,Dizel_Max,1.04,86724,30669,11051,10052,52.0,90358,26546,2005,6787,BANDIT,THERMITE,SLEDGE
421,LSTibo.-,1.2,74591,27027,11399,9700,53.8,89538,19781,2017,5191,ASH,JÄGER,BANDIT
422,TeamRocketGuy,1.98,39312,14563,11390,2837,78.7,77838,10943,887,3345,JÄGER,ASH,TWITCH
423,kakkymedtech,1.03,63305,16752,11392,11959,48.0,64932,16801,1267,5162,MUTE,SLEDGE,MAESTRO
424,AMOK_CRO,0.96,106419,23265,11389,11088,49.3,102014,28564,1274,7721,LESION,FROST,CAVEIRA
425,thamizinhaa,0.69,56505,5447,11380,8232,55.0,39160,10114,920,4680,FROST,THATCHER,THERMITE
426,Agente_Bonder,0.91,91192,16337,11380,11450,49.2,82624,25346,754,6703,KAPKAN,FUZE,GRIDLOCK
427,uncert,1.27,56600,17220,11378,3087,72.3,71680,15950,1223,4308,JÄGER,ACE,ASH
428,BeIIaAborrecida,1.23,57773,11395,11371,7367,52.2,70787,12114,1313,5301,LESION,JÄGER,SLEDGE
429,OutGunxed-,1.23,75536,23443,11370,8307,57.6,92838,21046,1668,5561,JÄGER,ASH,TWITCH
430,khaIeo,1.19,58087,21238,11368,6549,62.8,69273,19006,1345,4468,ASH,JÄGER,ZOFIA
431,lGhostdog,1.51,49675,21435,11366,3683,70.7,74873,17366,1400,4509,JÄGER,LESION,SLEDGE
432,Apple.26,1.53,60935,30052,11361,6162,64.5,93199,15856,1424,4628,VALKYRIE,SLEDGE,MAESTRO
433,WillyKat-,1.32,34494,11420,11345,2126,82.6,45490,11011,779,3065,CAVEIRA,HIBANA,IQ
434,I_Make_U_Spizy,1.53,49749,19291,11345,8174,56.2,76016,12016,1387,4655,CAVEIRA,TWITCH,HIBANA
435,Lunaar v,1.32,58417,26237,11340,3747,70.9,77335,16442,1257,4622,JÄGER,ASH,BANDIT
436,PxwrPvff,2.16,41498,17155,11336,2986,78.1,89464,10169,771,3119,TWITCH,JÄGER,VIGIL
437,X Goblin7,0.68,93031,15959,11335,12245,47.4,63010,24559,2489,7080,FROST,SLEDGE,FUZE
438,Traclks,1.61,43785,17694,11331,4359,72.1,70439,12349,733,3536,ASH,JÄGER,BANDIT
439,ElRefugio,1.57,45889,20344,11330,6080,62.1,72171,13959,1389,4476,ROOK,SMOKE,CAVEIRA
440,boshwickbohagan,1.07,56594,16767,11317,2118,60.3,60416,17491,1393,6378,THERMITE,SLEDGE,ROOK
441,Sym Monster,1.76,46983,27076,11304,4625,69.3,82868,16076,1799,4149,JÄGER,ASH,DOC
442,roomtempcoffee,1.01,51797,15940,11295,5484,66.7,52569,16822,1119,4036,HIBANA,SMOKE,ASH
443,DDDDandySecret.,1.49,39763,15488,11292,3210,75.2,59174,11890,883,3558,ASH,SLEDGE,BANDIT
444,PanInkoGnittO,1.02,56555,14353,11286,8790,52.1,57590,15064,1479,5238,ASH,SLEDGE,KAPKAN
445,Crystal.Cc,1.65,47175,22351,11283,4227,69.3,77630,7577,494,3810,ASH,SLEDGE,ZOFIA
446,CR7BaiYe,1.19,13082,4204,11282,1732,49.8,15568,3122,225,6430,ZOFIA,FROST,GLAZ
447,GlynFidditch,1.33,45846,17438,11280,3989,73.7,60932,16127,1581,3656,SMOKE,HIBANA,ASH
448,Legalllyblind,1.0,90857,13337,11279,10726,49.7,90719,19655,1580,6789,FROST,CAVEIRA,HIBANA
449,serejka_2011,2.29,27965,18626,11271,1655,85.2,64088,8662,559,2790,ASH,JÄGER,ROOK
450,Im-VoN,1.71,40330,23770,11265,3302,77.2,69016,17723,1463,3815,JÄGER,ASH,THERMITE
451,Scorpeex,1.22,84738,28936,11265,7462,58.3,103266,19844,1079,5923,JÄGER,ASH,TWITCH
452,Finland_Attacker,1.03,81861,12550,11264,7715,58.2,84113,14663,792,5392,JÄGER,ASH,BANDIT
453,HyperactiveGirl,1.82,32174,18777,11257,4405,71.8,58590,16307,1854,3673,TWITCH,FROST,JÄGER
454,IN O IR ID,1.29,39581,12415,11257,3937,73.6,51252,12894,1581,3978,BANDIT,THERMITE,THATCHER
455,Derechapi,1.2,83313,18991,11253,9139,53.2,99840,10917,1184,5836,DOC,SLEDGE,ROOK
456,wMryw,1.59,67132,30154,11250,5002,59.1,106713,15242,1117,6023,ASH,VIGIL,JÄGER
457,Awn Drayy,1.63,54552,21991,11244,5050,67.0,88859,12942,1142,4142,JÄGER,ASH,TWITCH
458,SinnerChill,1.71,28686,13497,11244,2525,81.4,49077,13254,792,2877,THERMITE,BANDIT,ASH
459,xSp1derp1gxx,0.75,71454,12481,11242,10601,50.6,53430,18600,1543,5027,JACKAL,VALKYRIE,MUTE
460,TestierGraph,1.11,65114,20050,11236,9878,52.2,72270,19275,1655,5214,CAVEIRA,CLASH,BLACKBEARD
461,X-KingKoala-X,1.44,66308,29780,11235,7536,58.2,95601,20032,2683,5364,ASH,JÄGER,TWITCH
462,nwzne,1.47,55875,19961,11232,5965,64.2,82151,16030,1492,4230,ASH,TWITCH,JÄGER
463,CAMENBERTLION1,1.01,95092,20151,11232,10657,50.5,95948,22426,1365,6588,ASH,VIGIL,JÄGER
464,ReesesAreGoodOMG,1.29,51537,15592,11231,7553,55.5,66357,16356,1994,4587,GSG 9,SLEDGE,FBI SWAT
465,Niklerator,1.84,33511,31777,11228,3080,78.4,61735,16670,1329,3282,ASH,JÄGER,BANDIT
466,SantaKJIAYC,0.91,104356,17703,11224,11208,49.6,94582,25008,2316,7291,KAPKAN,FINKA,FUZE
467,SugR_n8.-,1.12,64098,25981,11214,8935,50.9,72040,16314,1494,5365,JÄGER,BANDIT,ASH
468,ItzMrDeee,2.13,29642,24706,11212,2107,81.4,63157,14230,1286,2873,ASH,JÄGER,THERMITE
469,FOMA-MOMO,1.55,42309,25945,11211,4056,67.9,65710,13565,995,3834,SLEDGE,ASH,DOC
470,iQuake_V8,1.57,49851,24964,11215,6231,62.4,78464,14548,2107,4179,ASH,SLEDGE,BANDIT
471,zMancuzZa,1.01,63243,11771,11209,8635,50.2,63724,12060,1432,5647,ASH,BANDIT,JÄGER
472,M-_-YoDa_,1.28,64585,22757,11205,10201,52.2,82664,16445,1402,4591,JÄGER,ASH,TWITCH
473,bSwiifty,1.22,59068,17712,11204,8245,57.0,71877,14932,1769,4259,THERMITE,THATCHER,HIBANA
474,Bruh_Nate_,1.23,57152,17603,11194,3147,70.9,70327,13514,594,4264,JÄGER,IQ,ASH
475,ICONA POP 420,0.71,76784,6160,11196,14844,36.7,54579,6092,448,6398,ORYX,FUZE,THERMITE
476,xRonaldo7i,1.49,63097,16192,13261,5468,69.5,93748,15037,1202,5359,JÄGER,ASH,BANDIT
477,A1anware,1.6,45440,19385,13270,5829,68.0,72584,13406,815,4454,JACKAL,LESION,THERMITE
478,MajesticLW,1.4,58598,21958,13257,5506,70.3,82058,16415,1444,4424,MUTE,MAVERICK,BUCK
479,nuxaa,1.25,91806,33387,13246,6745,64.1,115100,25481,1533,6091,ASH,JÄGER,BANDIT
480,yRavxnz,1.5,57090,13564,13223,7718,59.1,85860,7541,835,4749,JÄGER,ZOFIA,ASH
481,vPeIa,1.09,79408,26143,13208,9920,53.7,86682,21280,2359,6096,TWITCH,JÄGER,LESION
482,Slegendary.-,1.37,76374,27187,13204,10819,51.8,104400,15602,1370,5688,ASH,JÄGER,DOC
483,DonzokoNoRyu,1.66,48947,18616,13213,5255,69.9,81398,8488,1012,3824,ZOFIA,ALIBI,MOZZIE
484,OSKAMOSKA,1.52,46724,32403,13192,3339,78.9,71127,17779,1431,3569,ASH,JÄGER,SMOKE
485,KPEMEHb.,1.06,82163,22257,13190,12200,49.5,86793,19689,1137,5977,KAPKAN,CAVEIRA,THERMITE
486,Qoo.-,1.75,68784,17180,13177,5090,70.9,120216,13328,1223,4340,BANDIT,LESION,THATCHER
487,pasucu68,1.07,64831,12810,13201,13374,49.1,69240,16809,1176,5811,FROST,FUZE,THERMITE
488,pNd.,1.13,76013,22864,13176,9734,43.8,85699,19219,1824,8584,FROST,KAPKAN,CAPITÃO
489,VaLemeister,1.73,48121,22324,13171,4324,74.7,83313,15248,1221,4321,JÄGER,ASH,LESION
490,USAVICH_GAMETIME,0.44,80653,14774,13170,15881,45.3,35736,11755,914,7197,GSG 9,SAS,FBI SWAT
491,Pengu7-,1.54,42488,20049,13166,3572,78.4,65403,15970,1528,3498,ASH,JÄGER,VALKYRIE
492,Sinful Clash,1.38,54526,11525,13164,6016,67.6,75232,15449,1603,4108,CLASH,MONTAGNE,ACE
493,evinho007,1.52,56158,25447,13152,7576,62.4,85491,18791,2353,4773,SLEDGE,BANDIT,SMOKE
494,Vipers.,1.57,53557,45496,13133,6071,67.5,84256,15552,1129,4280,ASH,JÄGER,DOC
495,Maximum.Hits,0.88,90370,30946,13135,14289,47.1,79603,25205,1513,6526,HIBANA,JÄGER,FUZE
496,Queen Vixxn,0.86,71525,14942,13129,8316,57.5,61764,20279,1340,5529,LESION,TWITCH,FROST
497,YuJiN_-AN,2.17,32748,23676,13126,2934,80.5,70993,13496,999,3425,VALKYRIE,ZOFIA,SLEDGE
498,Hancoock_XVI,1.56,58337,24557,13118,7801,62.2,90849,17435,1947,5139,THERMITE,BANDIT,DOC
499,berbthechick,1.94,33943,20422,13102,3299,79.5,65710,14734,1207,3526,WARDEN,HIBANA,BANDIT
500,CynicaI eX,1.62,46130,25830,13038,2490,79.0,74653,18994,1265,3883,ASH,JÄGER,BANDIT
501,AdrianS R6,1.18,69106,21652,13037,8383,59.6,81272,20445,1715,6397,HIBANA,ASH,BANDIT
502,wakemann77,0.78,74804,7987,13042,12347,49.3,58543,22609,1344,5509,KAPKAN,GRIDLOCK,FUZE
503,Alderon_,1.28,56151,24270,12995,7339,62.1,72020,16752,1008,4640,ELA,DOKKAEBI,HIBANA
504,TheMechanic911,0.93,69754,6995,12982,13777,47.2,64940,14896,866,5731,FROST,FUZE,LESION
505,Mlctlan,1.54,61579,27279,12981,6692,65.1,94627,19819,1651,4743,ECHO,JACKAL,JÄGER
506,xPayzl,1.12,82279,24336,12979,11217,52.5,91851,18610,1737,5465,ASH,TWITCH,JÄGER
507,atrwhiteboy ll,1.93,39971,17649,12938,5688,67.0,77332,23582,1339,4579,LESION,TWITCH,CAVEIRA
508,Dimitar60,1.32,40669,12702,12929,4747,70.7,53788,13134,983,4173,HIBANA,MUTE,THATCHER
509,ll_Best_Grey_ll,1.45,39637,9802,12918,3798,56.0,57472,6818,729,5056,VIGIL,ZOFIA,JÄGER
510,QK_RAMBITO,1.34,49810,13177,12947,7064,63.9,66522,15783,1399,4802,THERMITE,PULSE,CAVEIRA
511,Jc no cry,1.47,60158,20847,12901,4514,72.5,88265,16911,1240,4264,ASH,JÄGER,VALKYRIE
512,XcLuA,1.38,71184,19482,12877,7101,62.7,98386,16815,891,6448,ASH,JÄGER,SLEDGE
513,YungLb34,0.61,107168,10116,12875,12525,50.0,65245,26784,2701,8138,KAPKAN,FROST,FINKA
514,NickyAFK,1.65,44243,20316,12866,4548,72.2,72817,14104,1197,3959,JÄGER,TWITCH,ASH
515,hitman_JDA,1.59,78317,24330,12861,6414,64.6,124841,16670,1304,6134,JÄGER,ASH,BANDIT
516,OtterSIaughter,1.81,50294,31259,12850,4213,75.0,90967,16397,1250,3833,JÄGER,BUCK,ASH
517,Va1ve0x0,2.15,45496,23257,12854,4499,73.3,97649,13440,1294,3993,ASH,MUTE,JÄGER
518,MoonRockMolIy,1.55,59426,17913,12838,4161,72.9,92090,17988,1222,5214,JÄGER,BANDIT,ASH
519,GOWPIE,1.23,46818,12608,12832,5816,67.1,57670,16916,970,4119,NOMAD,LESION,VALKYRIE
520,bloo_831,1.04,69712,14872,12823,7532,62.5,72350,16491,1521,4847,JÄGER,ZOFIA,BANDIT
521,edonsp-,1.63,51157,34813,12803,3613,77.0,83290,19686,1839,4285,ASH,JÄGER,BANDIT
522,MTO-Terminator,0.31,87126,3626,12801,13303,41.4,27065,13338,1813,7222,FROST,FUZE,KAPKAN
523,A_Bathing_Alex,1.48,56420,17586,12781,7290,62.7,83278,13755,1160,4602,ASH,TWITCH,JÄGER
524,SurSideMex,1.16,57367,6624,12754,6522,65.7,66350,13761,1266,4480,KAPKAN,BLITZ,PULSE
525,vP1NK,1.28,49729,20353,12746,5047,70.9,63579,15518,1494,4110,KAPKAN,VALKYRIE,THERMITE
526,SERTactical,1.35,42981,14443,12730,3022,77.8,57943,13933,1359,3877,JÄGER,THERMITE,BANDIT
527,Milk_Shaiiko,1.29,61859,23654,12721,6363,65.6,79690,18700,2345,4415,ASH,SMOKE,SLEDGE
528,freedom-192,1.41,38519,15398,12735,3917,76.2,54246,15335,905,3329,LESION,ASH,FROST
529,Ensiya,1.22,84552,30034,12717,9534,56.4,103176,21097,2784,5976,JÄGER,ASH,BANDIT
530,Xhosa.UA,1.58,76797,35684,12702,6861,63.5,121621,19298,1949,5350,JÄGER,ASH,HIBANA
531,QKapwn,0.81,110785,18172,12700,12850,49.1,89781,18048,2069,8069,VALKYRIE,MUTE,GLAZ
532,Voyager.,1.25,48431,15961,12679,5197,70.2,60722,12058,1380,4337,ASH,JÄGER,DOC
533,ES-CON-FIELD,0.81,77338,12252,12673,12645,48.4,62962,21036,2635,6625,FROST,LESION,THATCHER
534,Philias.,1.38,80287,42009,12659,8454,59.6,111124,24583,1716,6108,BANDIT,BLACKBEARD,SLEDGE
535,xItsLit,2.25,39687,9652,12655,3257,73.1,89281,5390,584,4654,ZOFIA,TWITCH,ASH
